line_id,uom_name
81,42
82,72
83,58
84,66
85,SACHET DE 54
191,CARTON DE 750
245,BOITE DE 50
418,SACHET DE 50
463,PIECE
469,PIECE
471,PIECE
472,PIECE
483,CARTON DE 200
517,PIECE
518,PIECE
573,CARTON DE 25
577,CARTON DE 50
586,PIECE
588,PIECE
589,PIECE
597,PIECE
598,PIECE
629,CARTON DE 6
662,CARTON DE 750
664,PIECE
763,CARTON DE 750
797,CARTON DE 6
830,PIECE
831,PIECE
834,PIECE
869,PIECE
885,CARTON DE 200
927,CARTON DE 25
930,CARTON DE 50
965,PIECE
966,PIECE
996,CARTON DE 750
1012,CARTON DE 6
1015,CARTON DE 750
1017,CARTON DE 6
1030,PIECE
1031,PIECE
1037,CARTON DE 6
1038,CARTON DE 750
1044,PIECE
1114,PIECE
1164,PIECE
1167,CARTON DE 750
1174,PIECE
1196,CARTON DE 200
1226,CARTON DE 25
1258,CARTON DE 750
1261,PIECE
1270,CARTON DE 750
1314,PIECE
1320,PIECE
1334,CARTON DE 750
1339,PIECE
1341,CARTON DE 6
1383,CARTON DE 6
1384,CARTON DE 6
1397,PIECE
1398,PIECE
1432,CARTON DE 50
1491,PIECE
1492,PIECE
1526,CARTON DE 750
1539,CARTON DE 750
1558,CARTON DE 750
1589,CARTON DE 6
1592,CARTON DE 750
1593,CARTON DE 750
1625,PIECE
1626,PIECE
1628,CARTON DE 50
1694,SACHET DE 50
1695,50
1713,PIECE
1769,CARTON DE 750
1787,CARTON DE 750
1792,PIECE
1806,CARTON DE 750
1823,PIECE
1841,PIECE
1853,CARTON DE 50
1872,CARTON DE 750
1905,CARTON DE 750
1906,CARTON DE 750
1927,PIECE
1935,PIECE
1937,CARTON DE 750
1950,PIECE
1980,CARTON DE 25
2054,CARTON DE 6
2055,CARTON DE 6
2056,CARTON DE 750
2084,CARTON DE 6
2133,PIECE
2134,PIECE
2155,CARTON DE 750
2156,CARTON DE 750
2177,CARTON DE 750
2188,CARTON DE 750
2199,CARTON DE 6
2203,CARTON DE 6
2257,CARTON DE 6
2261,CARTON DE 6
2277,PIECE
2366,PIECE
2367,PIECE
2376,CARTON DE 25
2377,CARTON DE 50
2398,CARTON DE 750
2436,PIECE
2447,CARTON DE 600
2453,CARTON DE 750
2478,CARTON DE 50
2497,CARTON DE 6
2500,PIECE
2504,PIECE
2515,PIECE
2521,PIECE
2526,PIECE
2573,CARTON DE 6
2574,CARTON DE 750
2589,CARTON DE 750
2616,CARTON DE 750
2619,CARTON DE 750
2654,PIECE
2691,CARTON DE 6
2728,CARTON DE 500
2746,PIECE
2756,PIECE
2767,PIECE
2776,CARTON DE 750
2784,PIECE
2789,CARTON DE 6
2821,CARTON DE 50
2850,PIECE
2875,CARTON DE 750
2900,PIECE
2907,PIECE
2927,CARTON DE 6
2932,BOITE
2940,CARTON DE 750
2972,FLOWPACK
2973,SACHET DE 20
2974,SACHET DE 40
2975,SACHET DE 14
2976,PIECE
2977,CARTON DE 750
2981,CARTON DE 6
2982,CARTON DE 6
2987,PIECE
2992,PIECE
2995,CARTON DE 750
3022,CARTON DE 6
3023,PIECE
3024,CARTON DE 6
3027,CARTON DE 6
3075,PIECE
3090,CARTON DE 750
3103,CARTON DE 750
3109,CARTON DE 50
3112,PIECE
3113,PIECE
3135,PIECE
3138,CARTON DE 750
3140,PIECE
3146,CARTON DE 750
3155,PIECE
3156,50
3157,PIECE
3158,PIECE
3159,PIECE
3160,PIECE
3161,PIECE
3165,CARTON DE 750
3173,PIECE
3174,PIECE
3185,CARTON DE 6
3193,CARTON DE 6
3194,25
3195,25
3196,25
3197,SACHET DE 25
3198,CARTON DE 25
3246,PIECE
3266,PIECE
3286,10
3292,PIECE
3294,PIECE
3296,CARTON DE 750
3301,CARTON DE 750
3306,CARTON DE 6
3311,CARTON DE 6
3316,PIECE
3321,CARTON DE 6
3351,PIECE
3352,PIECE
3372,CARTON DE 6
3373,CARTON DE 6
3375,CARTON DE 6
3379,PIECE
3415,CARTON DE 6
3417,CARTON DE 25
3418,PIECE
3421,CARTON DE 6
3423,CARTON DE 6
3428,PIECE
3456,PIECE
3457,PIECE
3466,CARTON DE 6
3471,PIECE
3493,CARTON DE 50
3517,CARTON DE 25
3556,PIECE
3564,PIECE
3565,PIECE
3631,CARTON DE 6
3647,PIECE
3649,PIECE
3651,PIECE
3653,PIECE
3664,PIECE
3667,PIECE
3668,PIECE
3673,PIECE
3678,CARTON DE 6
3682,PIECE
3685,CARTON DE 750
3704,SACHET DE 25
3706,CARTON DE 1000
3711,PIECE
3712,PIECE
3778,CARTON DE 6
3786,PIECE
3788,PIECE
3816,CARTON DE 750
3828,CARTON DE 750
3844,CARTON DE 6
3858,CARTON DE 1000
3872,PIECE
3874,PIECE
3887,PIECE
3888,PIECE
3912,PIECE
3947,CARTON DE 50
3962,SACHET DE 44
3963,SACHET DE 40
3964,SACHET DE 36
3971,PIECE
3972,PIECE
3977,PIECE
3978,PIECE
3979,PIECE
3980,PIECE
3981,PIECE
3987,SACHET DE 100
3995,CARTON DE 6
4099,SACHET DE 100
4124,PIECE
4127,CARTON DE 6
4128,CARTON DE 6
4138,CARTON DE 50
4167,CARTON DE 6
4174,PIECE
4175,PIECE
4176,PIECE
4177,PIECE
4178,PIECE
4179,PIECE
4182,CARTON DE 6
4194,CARTON DE 6
4195,CARTON DE 6
4225,CARTON DE 50
4269,PIECE
4270,PIECE
4286,PIECE
4290,PIECE
4332,PIECE
4345,PIECE
4356,PIECE
4364,CARTON DE 50
4369,PIECE
4397,PIECE
4458,CARTON DE 25
4481,PIECE
4536,PIECE
4576,CARTON DE 6
4579,PIECE
4582,CARTON DE 750
4588,PIECE
4604,PIECE
4688,CARTON DE 50
4710,BOITE DE 50
4718,PIECE
4719,CARTON DE 750
4724,PIECE
4747,CARTON DE 1000
4751,PIECE
4754,PIECE
4768,CARTON DE 6
4782,CARTON DE 6
4793,PIECE
4809,PIECE
4810,PIECE
4811,PIECE
4829,PIECE
4869,PIECE
4870,PIECE
4880,CARTON DE 200
4916,PIECE
4943,PIECE
4949,CARTON DE 25
4975,CARTON DE 6
4976,CARTON DE 6
4977,PIECE
4994,CARTON DE 25
5045,CARTON DE 50
5139,CARTON DE 6
5142,PIECE
5214,CARTON DE 200
5215,CARTON DE 200
5244,CARTON DE 6
5245,CARTON DE 6
5247,PIECE
5251,CARTON DE 750
5252,CARTON DE 750
5263,PIECE
5264,PIECE
5281,PIECE
5284,PIECE
5323,BOITE DE 50
5324,BOITE DE 50
5344,BOITE DE 50
5345,BOITE DE 50
5346,BOITE DE 50
5347,BOITE DE 10
5348,BOITE DE 50
5349,BOITE DE 50
5350,BOITE DE 40
5351,BOITE DE 25
5352,BOITE DE 50
5385,PIECE
5399,SACHET DE 50
5451,CARTON DE 50
5452,PIECE
5453,PIECE
5454,PIECE
5455,PIECE
5476,PIECE
5513,PIECE
5514,PIECE
5516,CARTON DE 6
5534,CARTON DE 750
5538,CARTON DE 750
5544,CARTON DE 200
5546,CARTON DE 1000
5560,PIECE
5561,PIECE
5571,PIECE
5582,PIECE
5588,PIECE
5593,SACHET DE 27
5594,SACHET DE 42
5634,CARTON DE 1000
5662,PIECE
5687,PIECE
5717,PIECE
5775,PIECE
5866,CARTON DE 1000
5881,CARTON DE 750
5946,PIECE
5947,PIECE
5994,CARTON DE 1000
6049,BOITE DE 50
6050,BOITE DE 50
6051,CARTON DE 1000
6086,PIECE
6142,CARTON DE 6
6143,PIECE
6178,CARTON DE 6
6264,PIECE
6265,PIECE
6266,PIECE
6294,PIECE
6295,CARTON DE 6
6349,CARTON DE 6
6350,CARTON DE 6
6360,PIECE
6367,CARTON DE 750
6467,CARTON DE 750
6483,PIECE
6484,PIECE
6570,CARTON DE 24
6605,PIECE
6614,PIECE
6642,CARTON DE 6
6643,CARTON DE 6
6652,PIECE
6655,CARTON DE 750
6689,CARTON DE 750
6725,CARTON DE 6
6727,PIECE
6735,PIECE
6845,CARTON DE 24
6866,CARTON DE 6
6867,CARTON DE 6
6868,CARTON DE 6
6894,PIECE
6895,PIECE
6896,PIECE
7003,CARTON DE 750
7029,CARTON DE 750
7030,PIECE
7031,PIECE
7039,PIECE
7046,PIECE
7127,CARTON DE 750
7157,PIECE
7160,PIECE
7161,PIECE
7208,CARTON DE 6
7209,CARTON DE 6
7210,PIECE
7220,PIECE
7233,PIECE
7253,PIECE
7254,PIECE
7328,CARTON DE 750
7330,CARTON DE 24
7370,PIECE
7379,PIECE
7380,PIECE
7386,CARTON DE 6
7387,CARTON DE 6
7388,PIECE
7390,PIECE
7439,CARTON DE 6
7447,PIECE
7472,PIECE
7584,PIECE
7671,PIECE
7673,PIECE
7674,PIECE
7675,PIECE
7686,CARTON DE 6
7705,CARTON DE 12 PACKS
7746,PIECE
7753,CARTON DE 6
7754,CARTON DE 6
7853,CARTON DE 6
7854,CARTON DE 6
7862,PIECE
7863,PIECE
7901,SACHET DE 14
7902,SACHET DE 14
7903,SACHET DE 14
7926,BOITE
7937,PIECE
7986,CARTON DE 6
7987,CARTON DE 6
7989,PIECE
7998,PIECE
8001,PIECE
8007,PIECE
8008,PIECE
8067,CARTON DE 1000
8135,CARTON DE 6
8136,CARTON DE 6
8160,PIECE
8161,PIECE
8162,PIECE
8208,CARTON DE 1000
8229,CARTON DE 6
8247,CARTON DE 6
8253,PIECE
8271,PIECE
8272,PIECE
8282,CARTON DE 6
8287,CARTON DE 6
8421,PIECE
8428,PIECE
8431,PIECE
8473,PIECE
8474,PIECE
8477,CARTON DE 24
8495,CARTON DE 6
8496,CARTON DE 6
8531,CARTON DE 25
8533,CARTON DE 25
8534,PIECE
8535,CARTON DE 500
8546,PIECE
8547,CARTON DE 6
8548,CARTON DE 6
8601,PIECE
8608,CARTON DE 500
8640,CARTON DE 500
8650,CARTON DE 6
8654,PIECE
8707,CARTON DE 6
8708,CARTON DE 6
8772,PIECE
8799,CARTON DE 500
8817,CARTON DE 6
8818,CARTON DE 6
8825,PIECE
8889,PIECE
8900,CARTON DE 6
8912,PIECE
8930,CARTON DE 6
8972,PIECE
9017,CARTON DE 6
9076,CARTON DE 6
9120,PIECE
9124,PIECE
9173,CARTON DE 6
9233,CARTON DE 6
9259,CARTON DE 6
9260,CARTON DE 6
9343,PIECE
9345,PIECE
9376,PIECE
9388,PIECE
9389,PIECE
9390,PIECE
9391,PIECE
9392,PIECE
9393,PIECE
9394,PIECE
9451,PIECE
9496,CARTON DE 6
9497,CARTON DE 6
9499,PIECE
9537,CARTON DE 1000
9543,PIECE
9692,CARTON DE 6
9693,CARTON DE 6
9754,BOITE DE 50
9755,BOITE DE 50
9756,BOITE DE 60
9757,BOITE DE 50
9758,BOITE DE 50
9759,BOITE DE 50
9779,BOITE DE 50
9783,BOITE DE 50
9784,BOITE DE 25
9785,BOITE DE 50
9786,BOITE DE 50
9837,CARTON DE 1000
9842,BOITE DE 50
9856,CARTON DE 6
9857,CARTON DE 6
9885,SACHET DE 50
9974,CARTON DE 6
9975,CARTON DE 6
10052,PIECE
10076,BOITE DE 50
10097,CARTON DE 6
10101,BOITE DE 50
10117,CARTON DE 6
10119,PIECE
10121,PIECE
10405,CARTON DE 6
10406,CARTON DE 6
10417,CARTON DE 12 PACKS
10419,PIECE
10424,BOITE DE 40
10425,BOITE DE 40
10466,BOITE DE 50
10467,PIECE
10494,CARTON DE 6
10495,CARTON DE 6
10509,CARTON DE 24
10557,CARTON DE 6
10558,CARTON DE 6
10570,PIECE
10571,PIECE
10572,PIECE
10573,PIECE
10574,CARTON DE 1000
10618,PIECE
10669,CARTON DE 6
10670,CARTON DE 6
10714,CARTON DE 1000
10715,CARTON DE 1000
10717,CARTON DE 1000
10718,CARTON DE 1000
10721,PIECE
10722,PIECE
10723,BOITE DE 50
10758,BOITE DE 50
10763,CARTON DE 6
10767,CARTON DE 6
10799,PIECE
10866,PIECE
10882,PIECE
10891,BOITE DE 50
10892,BOITE DE 50
10929,BOITE DE 50
10930,BOITE DE 50
10931,BOITE DE 50
10932,BOITE DE 50
10933,BOITE DE 50
10934,BOITE DE 50
10982,CARTON DE 6
10983,CARTON DE 6
10984,CARTON DE 6
11051,CARTON DE 1000
11052,CARTON DE 1000
11053,CARTON DE 1000
11054,CARTON DE 1000
11064,PIECE
11125,PIECE
11126,PIECE
11143,CARTON DE 25
11160,CARTON DE 12 PACKS
11166,CARTON DE 6
11167,CARTON DE 6
11168,CARTON DE 6
11169,CARTON DE 6
11184,CARTON DE 6
11185,CARTON DE 6
11188,CARTON DE 25
11204,CARTON DE 6
11226,PIECE
11227,PIECE
11236,CARTON DE 1000
11286,PIECE
11287,PIECE
11301,PIECE
11319,CARTON DE 24
11440,CARTON DE 6
11444,CARTON DE 6
11477,PIECE
11479,CARTON DE 12 PACKS
11491,CARTON DE 6
11550,CARTON DE 6
11564,CARTON DE 6
11574,PIECE
11588,PIECE
11596,CARTON DE 6
11629,CARTON DE 6
11639,CARTON DE 24
11663,CARTON DE 6
11669,PIECE
11670,PIECE
11722,SACHET DE 100
11729,PIECE
11731,CARTON DE 6
11742,CARTON DE 6
11759,PIECE
11790,CARTON DE 6
11791,CARTON DE 6
11792,CARTON DE 6
11793,CARTON DE 6
11826,CARTON DE 1000
11830,CARTON DE 1000
11862,CARTON DE 6
11863,CARTON DE 6
11864,CARTON DE 6
11896,PIECE
11914,CARTON DE 6
11915,CARTON DE 6
11916,CARTON DE 6
11917,CARTON DE 6
11943,CARTON DE 6
11953,CARTON DE 6
11979,CARTON DE 1000
11981,CARTON DE 1000
11990,CARTON DE 6
11991,CARTON DE 6
11992,CARTON DE 6
11993,CARTON DE 6
12002,CARTON DE 25
12072,CARTON DE 6
12073,CARTON DE 6
12074,CARTON DE 6
12075,CARTON DE 6
12111,PIECE
12113,PIECE
12115,CARTON DE 12 PACKS
12146,PIECE
12183,CARTON DE 1000
12194,PIECE
12221,BOITE DE 250
12224,CARTON DE 6
12239,PIECE
12240,PIECE
12242,CARTON DE 6
12243,CARTON DE 6
12244,CARTON DE 6
12245,CARTON DE 6
12246,CARTON DE 6
12247,CARTON DE 6
12249,CARTON DE 6
12275,CARTON DE 6
12292,CARTON DE 1000
12293,CARTON DE 6
12305,CARTON DE 1000
12306,CARTON DE 1000
12316,PIECE
12342,CARTON DE 6
12445,CARTON DE 6
12446,CARTON DE 6
12447,CARTON DE 6
12448,CARTON DE 6
12449,CARTON DE 6
12488,CARTON DE 6
12529,CARTON DE 1000
12530,CARTON DE 1000
12539,PIECE
12545,CARTON DE 1000
12546,CARTON DE 1000
12558,CARTON DE 6
12574,CARTON DE 6
12575,CARTON DE 6
12576,CARTON DE 6
12596,PIECE
12598,CARTON DE 12 PACKS
12614,CARTON DE 24
12704,PIECE
12721,CARTON DE 1000
12722,CARTON DE 1000
12782,CARTON DE 6
12818,CARTON DE 12 PACKS
12840,CARTON DE 6
12841,CARTON DE 6
12848,CARTON DE 6
12878,PIECE
12959,CARTON DE 1000
13010,PIECE
13015,CARTON DE 6
13075,CARTON DE 6
13090,SACHET DE 5
13091,SACHET DE 5
13115,SACHET DE 5
13147,CARTON DE 25
13154,CARTON DE 1000
13159,CARTON DE 1000
13162,CARTON DE 1000
13165,CARTON DE 1000
13175,CARTON DE 6
13183,CARTON DE 6
13191,CARTON DE 6
13197,CARTON DE 6
13198,CARTON DE 6
13227,CARTON DE 500
13244,PIECE
13252,CARTON DE 1500
13396,CARTON DE 1000
13398,CARTON DE 1000
13400,CARTON DE 1000
13406,PIECE
13430,CARTON DE 6
13431,CARTON DE 6
13432,CARTON DE 6
13433,CARTON DE 6
13434,CARTON DE 6
13435,CARTON DE 6
13441,CARTON DE 6
13444,CARTON DE 6
13445,CARTON DE 6
13524,CARTON DE 25
13527,CARTON DE 6
13528,CARTON DE 6
13529,CARTON DE 6
13543,CARTON DE 1000
13545,CARTON DE 1000
13546,CARTON DE 1000
13551,CARTON DE 24
13555,CARTON DE 1500
13558,CARTON DE 6
13578,PIECE
13599,CARTON DE 1000
13600,CARTON DE 1000
13616,CARTON DE 6
13617,CARTON DE 6
13634,CARTON DE 500
13637,CARTON DE 1000
13640,CARTON DE 1000
13641,CARTON DE 1000
13672,CARTON DE 6
13685,PIECE
13709,PIECE
13723,CARTON DE 6
13729,PIECE
13734,PIECE
13790,CARTON DE 6
13810,CARTON DE 500
13821,PIECE
13822,CARTON DE 12 PACKS
13867,BOITE DE 30
13885,PIECE
13903,PIECE
13908,PIECE
13928,CARTON DE 6
13929,CARTON DE 6
13930,CARTON DE 6
13935,BOITE DE 50
13959,CARTON DE 1000
13960,CARTON DE 1000
14003,CARTON DE 1000
14004,CARTON DE 1000
14018,CARTON DE 6
14034,PIECE
14090,CARTON DE 12 PACKS
14133,PIECE
14156,PIECE
14178,CARTON DE 6
14179,CARTON DE 6
14181,CARTON DE 6
14182,CARTON DE 6
14184,CARTON DE 6
14215,PIECE
14231,PIECE
14322,CARTON DE 1000
14323,CARTON DE 1000
14358,PIECE
14361,CARTON DE 1500
14363,CARTON DE 1000
14364,CARTON DE 1000
14365,CARTON DE 1000
14373,CARTON DE 1000
14374,CARTON DE 1000
14375,CARTON DE 1000
14376,CARTON DE 1000
14377,CARTON DE 1000
14378,CARTON DE 1000
14443,PIECE
14453,CARTON DE 6
14467,PIECE
14492,PIECE
14503,CARTON DE 1000
14504,CARTON DE 1000
14524,CARTON DE 25
14535,CARTON DE 6
14589,PIECE
14604,BOITE DE 50
14623,PIECE
14633,CARTON DE 24 PAQUETS D'ETUIS
14647,CARTON DE 1000
14648,CARTON DE 1000
14649,CARTON DE 1000
14655,CARTON DE 100
14760,CARTON DE 1500
14793,CARTON DE 24 PAQUETS D'ETUIS
14806,BOITE DE 50
14811,PIECE
14833,CARTON DE 24 PAQUETS D'ETUIS
14847,CARTON DE 1000
14848,CARTON DE 1000
14849,CARTON DE 1000
14908,CARTON DE 1000
14948,CARTON DE 1000
15030,CARTON DE 1000
15031,CARTON DE 1000
15032,CARTON DE 1000
15033,CARTON DE 1000
15064,CARTON DE 25
15082,BOITE DE 25
15203,CARTON DE 100
15212,CARTON DE 1000
15213,CARTON DE 1000
15214,CARTON DE 1000
15215,CARTON DE 1000
15216,CARTON DE 1000
15217,CARTON DE 1000
15218,CARTON DE 1000
15219,CARTON DE 1000
15220,CARTON DE 1000
15221,CARTON DE 1000
15270,PIECE
15274,CARTON DE 25
15275,PIECE
15282,CARTON DE 25
15342,CARTON DE 12 PACKS
15369,CARTON DE 12 PACKS
15382,CARTON DE 1000
15383,CARTON DE 1000
15384,CARTON DE 1000
15385,CARTON DE 1000
15386,CARTON DE 1000
15410,PIECE
15426,CARTON DE 500
15459,CARTON DE 12 PACKS
15550,PIECE
15578,CARTON DE 12 PACKS
15714,PIECE
15774,PIECE
15788,CARTON DE 12 PACKS
15813,CARTON DE 12 PACKS
15824,CARTON DE 1000
15825,CARTON DE 1000
15826,CARTON DE 1000
15827,CARTON DE 1000
15828,CARTON DE 1000
15829,CARTON DE 1000
15830,CARTON DE 1000
15831,CARTON DE 1000
15832,CARTON DE 1000
15889,CARTON DE 12 PACKS
15925,PIECE
15957,CARTON DE 12 PACKS
15959,CARTON DE 12 PACKS
15962,CARTON DE 12 PACKS
16024,PIECE
16026,CARTON DE 12 PACKS
16032,SACHET DE 150
16047,CARTON DE 12 PACKS
16058,PIECE
16059,PIECE
16060,PIECE
16061,PIECE
16062,PIECE
16063,PIECE
16103,PIECE
16104,PIECE
16111,CARTON DE 25
16123,PIECE
16126,CARTON DE 12 PACKS
16143,CARTON DE 12 PACKS
16168,CARTON DE 12 PACKS
16192,CARTON DE 1000
16227,CARTON DE 12 PACKS
16233,CARTON DE 12 PACKS
16237,CARTON DE 500
16246,PIECE
16247,PIECE
16248,PIECE
16249,PIECE
16250,PIECE
16251,PIECE
16252,PIECE
16253,PIECE
16254,PIECE
16255,PIECE
16256,PIECE
16257,PIECE
16258,PIECE
16259,PIECE
16260,PIECE
16261,PIECE
16262,PIECE
16263,PIECE
16264,PIECE
16265,PIECE
16266,PIECE
16267,PIECE
16268,PIECE
16269,PIECE
16270,PIECE
16271,PIECE
16272,PIECE
16273,PIECE
16275,PIECE
16276,SACHET DE 50
16277,SACHET DE 50
16278,SACHET DE 10
16279,SACHET DE 50
16280,SACHET DE 50
16281,SACHET DE 50
16282,SACHET DE 25
16283,SACHET DE 25
16284,SACHET DE 50
16292,PIECE
16305,BOITE DE 25
16306,BOITE DE 25
16307,BOITE DE 40
16308,PIECE
16309,PIECE
16311,CARTON DE 12 PACKS
16320,CARTON DE 12 PACKS
16327,PIECE
16340,SACHET DE 100
16386,PIECE
16387,PIECE
16388,CARTON DE 12 PACKS
16436,CARTON DE 12 PACKS
16445,CARTON DE 25
16457,CARTON DE 12 PACKS
16530,PIECE
16544,CARTON DE 12 PACKS
16590,CARTON DE 12 PACKS
16605,PIECE
16606,PIECE
16624,CARTON DE 500
16627,PIECE
16655,CARTON DE 12 PACKS
16667,SACHET DE 50
16668,SACHET DE 100
16669,SACHET DE 100
16723,CARTON DE 12 PACKS
16731,CARTON DE 12 PACKS
16740,CARTON DE 12 PACKS
16750,CARTON DE 12 PACKS
16779,PIECE
16780,PIECE
16811,CARTON DE 12 PACKS
16821,CARTON DE 1500
16867,CARTON DE 12 PACKS
16873,CARTON DE 12 PACKS
16895,CARTON DE 12 PACKS
16898,BOITE DE 12
16899,BOITE DE 200
16900,PIECE
16901,PIECE
16902,PIECE
16903,BOITE DE 500
16904,BOITE DE 200
16980,PIECE
16985,CARTON DE 12 PACKS
16988,CARTON DE 12 PACKS
17074,CARTON DE 12 PACKS
17081,CARTON DE 12 PACKS
17092,CARTON DE 12 PACKS
17157,CRATON DE 50
17163,CARTON DE 12 PACKS
17206,CARTON DE 12 PACKS
17214,PIECE
17218,CARTON DE 12 PACKS
17224,PIECE
17225,PIECE
17263,CARTON DE 12 PACKS
17321,CARTON DE 12 PACKS
17325,CARTON DE 12 PACKS
17339,CARTON DE 500
17352,CARTON DE 12 PACKS
17369,CARTON DE 12 PACKS
17375,CARTON DE 12 PACKS
17391,CARTON DE 12 PACKS
17507,CARTON DE 12 PACKS
17545,SACHET DE 5
17546,SACHET DE 5
17547,SACHET DE 5
17548,SACHET DE 5
17562,PIECE
17612,CARTON DE 12 PACKS
17629,PIECE
17650,CARTON DE 500
17652,CARTON DE 12 PACKS
17667,CARTON DE 12 PACKS
17691,CARTON DE 12 PACKS
17694,CARTON DE 12 PACKS
17717,CARTON DE 12 PACKS
17724,CARTON DE 12 PACKS
17750,CARTON DE 12 PACKS
17810,PIECE
17814,PIECE
17847,CARTON DE 12 PACKS
17876,CARTON DE 500
17954,CARTON DE 12 PACKS
17969,CARTON DE 24 PAQUETS D'ETUIS
17990,CARTON DE 1000
18013,CARTON DE 1500
18038,CARTON DE 12 PACKS
18047,CARTON DE 1500
18053,CARTON DE 12 PACKS
18067,PIECE
18073,CARTON DE 12 PACKS
18104,CARTON DE 24 PAQUETS D'ETUIS
18137,CARTON DE 12 PACKS
18247,CARTON DE 12 PACKS
18256,CARTON DE 24 PAQUETS D'ETUIS
18301,BOITE DE 25
18302,SACHET DE 10
18303,PIECE
18304,PIECE
18308,CARTON DE 12 PACKS
18309,PIECE
18332,PIECE
18340,CARTON DE 12 PACKS
18346,PIECE
18348,CARTON DE 12 PACKS
18357,CARTON DE 12 PACKS
18470,CARTON DE 12 PACKS
18472,BOITE DE 50
18477,CARTON DE 12 PACKS
18507,CARTON DE 12 PACKS
18599,CARTON DE 12 PACKS
18651,CARTON DE 12 PACKS
18674,PIECE
18686,PIECE
18696,PIECE
18720,CARTON DE 24 PAQUETS D'ETUIS
18727,CARTON DE 12 PACKS
18808,PIECE
18847,PIECE
18860,CARTON DE 12 PACKS
18896,CARTON DE 12 PACKS
18915,CARTON DE 12 PACKS
18922,PIECE
18924,CARTON DE 24 PAQUETS D'ETUIS
18925,PIECE
18928,CARTON DE 12 PACKS
18951,CARTON DE 12 PACKS
19000,CARTON DE 500
19010,CARTON DE 1500
19037,CARTON DE 12 PACKS
